日期,当前持仓,调整后方案
2021-03-15,1.0015525464304704,1.0027065646963662
2021-03-16,1.0018419458830459,1.0042347686015423
2021-03-17,1.0023971821803959,1.0056959034615547
2021-03-18,1.0027788188391986,1.0004581461503255
2021-03-19,1.0028183838199531,1.0003251465480496
2021-03-22,1.002531671003548,1.0044853152364555
2021-03-23,1.003181672885082,1.0017104616441233
2021-03-24,1.002572412756972,0.9980056484289931
2021-03-25,1.0029978474847425,0.9991330629394525
2021-03-26,1.0031210980271523,1.0053509022552636
2021-03-29,1.0033465375659762,1.00563066512001
2021-03-30,1.0017790358175955,1.004958247336742
2021-03-31,1.0006326144807443,1.005860457253041
2021-04-01,1.003774852896171,1.0128093367711353
2021-04-02,1.0051579139214348,1.014986820648297
2021-04-06,1.005031646180849,1.0181927898124234
2021-04-07,1.0057814430478176,1.0182480988025968
2021-04-08,1.0063161366930478,1.0211367008244674
2021-04-09,1.0068620788293456,1.0220472688968976
2021-04-12,1.0065024890077745,1.0205923377662303
2021-04-13,1.0057638264998248,1.0208665547861036
2021-04-14,1.0067054071912704,1.0198435013886546
2021-04-15,1.0069910203675998,1.022357720056831
2021-04-16,1.008216303249863,1.0245824230680491
2021-04-19,1.0092668305857795,1.0254645366149258
2021-04-20,1.0082002490473316,1.0219322306085774
2021-04-21,1.0094899928115197,1.025355411854882
2021-04-22,1.0095477941868443,1.0218582272682488
2021-04-23,1.0093673970857486,1.0255546005455247
2021-04-26,1.0092227187747758,1.025424854535836
2021-04-27,1.009277857556061,1.0251034541502269
2021-04-28,1.00830662884409,1.0237514495918154
2021-04-29,1.00931400165688,1.0260029645112585
2021-04-30,1.0087577894292326,1.0228053279848726
2021-05-06,1.0104766805660361,1.0231389715775883
2021-05-07,1.01213182709654,1.0244151435737316
2021-05-10,1.012319636161219,1.0186025014780404
2021-05-11,1.0123961822906529,1.016770181754982
2021-05-12,1.0124223443261637,1.011253717650924
2021-05-13,1.0120358546181423,1.0144010329043056
2021-05-14,1.0130124955826265,1.0213439561512045
2021-05-17,1.0145268877298246,1.0217493902785204
2021-05-18,1.0154443010697907,1.0209433429391437
2021-05-19,1.0157746867166717,1.020199100051107
2021-05-20,1.016295409794551,1.0255455793927886
2021-05-21,1.016393141179936,1.0230781042689765
2021-05-24,1.0173431823661003,1.0282512659586682
2021-05-25,1.0170250265865157,1.029624951146432
2021-05-26,1.0183305699497407,1.030538158261067
2021-05-27,1.017440038893132,1.0295201383593797
2021-05-28,1.0169407896251736,1.0281722888078946
2021-05-31,1.0177797993746005,1.0287012098247015
2021-06-01,1.0186417160753274,1.0283296256765613
2021-06-02,1.0168883994120692,1.0273567848341525
2021-06-03,1.0160254248916454,1.024421929317636
2021-06-04,1.01533603600537,1.0290930831705691
2021-06-07,1.0159683481413087,1.0294173569375125
2021-06-08,1.0163736005550583,1.028877262901404
2021-06-09,1.0166392947787075,1.0293427300087634
2021-06-10,1.0164221503101012,1.0319289315242344
2021-06-11,1.0176072655164368,1.0322140612648556
2021-06-15,1.0158314378725724,1.030947434185926
2021-06-16,1.0155538922251905,1.028007890322486
2021-06-17,1.0133112604576355,1.0292363803047695
2021-06-18,1.0122327780320448,1.0260206245278305
2021-06-21,1.0123285761199732,1.0298097100264987
2021-06-22,1.0128785056946426,1.0331759087350323
2021-06-23,1.013082321631193,1.0338537867824396
2021-06-24,1.0127794653873117,1.0361185115023122
2021-06-25,1.0129866475160365,1.0374840750843919
2021-06-28,1.0134396073340644,1.0390027878244998
2021-06-29,1.0128968906867948,1.0378309422065306
2021-06-30,1.0117853755442339,1.0375892205425763
2021-07-01,1.0134985883151357,1.0402573248321059
2021-07-02,1.0140779468608867,1.0411248899889907
2021-07-05,1.0147446465898504,1.0419130289309295
2021-07-06,1.0161780588549825,1.043027474190746
2021-07-07,1.0160980780622881,1.0455085650589668
2021-07-08,1.0165156461279572,1.0428740739358464
2021-07-09,1.0169187614355173,1.0459128257671486
2021-07-12,1.0168893759262623,1.0480968724352155
2021-07-13,1.0175497376533311,1.0484179387738264
2021-07-14,1.0180599854129375,1.048523715385514
2021-07-15,1.018960492253585,1.0482072750180773
2021-07-16,1.0185587576103003,1.0454506494614892
2021-07-19,1.0176740596871625,1.041365528657847
2021-07-20,1.018666856072624,1.0466796373333878
2021-07-21,1.0183367034970652,1.0490567605327674
2021-07-22,1.0178152059170444,1.0489746034785201
2021-07-23,1.0185622464435231,1.0515560203794934
2021-07-26,1.019276208829177,1.0504934356424647
2021-07-27,1.0187127472553623,1.0445911418634453
2021-07-28,1.0193205634101457,1.0463686841929443
2021-07-29,1.0197009121353056,1.0494131294757767
2021-07-30,1.020343569408011,1.0461002839131077
2021-08-02,1.0189943810103084,1.0469429894856368
2021-08-03,1.0194243210302565,1.0487960831489649
2021-08-04,1.019709668044956,1.050024474705341
2021-08-05,1.0196867942462924,1.0513031854156285
2021-08-06,1.0190308112505908,1.0496334361190605
2021-08-09,1.0159367901324818,1.0490292335728846
2021-08-10,1.0151821145309545,1.0487343904806776
2021-08-11,1.0148106749660173,1.0482132258168848
2021-08-12,1.0165619670072388,1.0499932772549045
2021-08-13,1.0169981059308397,1.0508875240065245
2021-08-16,1.0182727015705446,1.0519320240969505
2021-08-17,1.0194166577830996,1.0491529709366978
2021-08-18,1.0192705859276754,1.0481356782519506
2021-08-19,1.0189298546584857,1.0478179819274387
2021-08-20,1.0197009383941398,1.0503561272583948
2021-08-23,1.0196979691707104,1.0547116411829165
2021-08-24,1.0207358999298177,1.0564055552707716
2021-08-25,1.0200907559432213,1.056119196928322
2021-08-26,1.0195694358066056,1.0526192260712066
2021-08-27,1.0208221240782964,1.0577016747717625
2021-08-30,1.0214410083238357,1.0593143614990193
2021-08-31,1.021567424979524,1.059069269287464
2021-09-01,1.0216087854050884,1.060127761198549
2021-09-02,1.021613480296895,1.060447572628363
2021-09-03,1.0216087721287033,1.0602241456855703
2021-09-06,1.022567285392128,1.0625510736235246
2021-09-07,1.0222356946262277,1.0634408754431393
2021-09-08,1.0210262659492695,1.0622643401166714
2021-09-09,1.0203799244861105,1.0604626794086385
2021-09-10,1.020648761456786,1.0589438892118475
2021-09-13,1.0203475919469664,1.0583417116302356
2021-09-14,1.0202817337691872,1.0558078676510643
2021-09-15,1.0208313558857338,1.0578610131395954
2021-09-16,1.019714631159899,1.05434437014463
2021-09-17,1.0184758273327548,1.0518557131246633
2021-09-22,1.0201324844170303,1.051389622203679
2021-09-23,1.0189833700290605,1.054010028841267
2021-09-24,1.0182601209915314,1.0523341540479685
2021-09-27,1.0186005659339443,1.051283565018987
2021-09-28,1.0171083570144164,1.0431641857040082
2021-09-29,1.0167559793185006,1.0416709492122214
2021-09-30,1.0163802486922318,1.0409130878929296
2021-10-08,1.0181412223655346,1.045189940895105
2021-10-11,1.0178191658656537,1.042416074500882
2021-10-12,1.018554773293626,1.0403755357156705
2021-10-13,1.018676565191511,1.0435767310249844
2021-10-14,1.0206120719952336,1.048753941865776
2021-10-15,1.020456146567902,1.0507463355137345
2021-10-18,1.0188531818214202,1.050039501608835
2021-10-19,1.0195496679172398,1.0536561197202314
2021-10-20,1.0191721358379895,1.052095042191253
2021-10-21,1.0199038821897135,1.0530853978598305
2021-10-22,1.0204633377997991,1.0532583008430187
2021-10-25,1.0206109929016676,1.0551933916697125
2021-10-26,1.021047905275106,1.055799426880426
2021-10-27,1.020161757775734,1.0533311051877896
2021-10-28,1.021943844851153,1.0574848883987957
2021-10-29,1.0216578481682146,1.0585713017423293
2021-11-01,1.0214122049507726,1.0601764419852928
2021-11-02,1.0221443602408633,1.0597768907350054
2021-11-03,1.021411616757613,1.0614840181978964
2021-11-04,1.021324400985913,1.063513080455304
2021-11-05,1.0230627302264745,1.0650070136014644
2021-11-08,1.0245353678350957,1.065914426366458
2021-11-09,1.0249417861295782,1.0643273324426188
2021-11-10,1.024736601556022,1.061145469789239
2021-11-11,1.0272209760102518,1.0664142597926443
2021-11-12,1.0273994273005034,1.069122385103833
2021-11-15,1.027029096585657,1.0675688295071615
2021-11-16,1.0278449237292178,1.0696794663053213
2021-11-17,1.027676734518974,1.0695510608408942
2021-11-18,1.0282654795847657,1.0705080851581112
2021-11-19,1.0284177408781812,1.0725396366261226
2021-11-22,1.026871421783982,1.0705077643815535
2021-11-23,1.024832593412617,1.0680627417450517
2021-11-24,1.0240386024153127,1.0679985669750998
2021-11-25,1.0240637046943026,1.0678857592670568
2021-11-26,1.0247410860608503,1.0619923669697207
2021-11-29,1.0242557768239842,1.0656905183276546
2021-11-30,1.023719215205894,1.0600187113713897
2021-12-01,1.0231280181306202,1.0554535866938268
2021-12-02,1.0226620228909913,1.0579412504523493
2021-12-03,1.0222928859238323,1.055237965722655
2021-12-06,1.023700289871997,1.0585957710026577
2021-12-07,1.0239905652766361,1.0661058469309028
2021-12-08,1.0240918983964882,1.0684282507513507
2021-12-09,1.0235382649745346,1.0652826676423053
2021-12-10,1.023508585360361,1.0687589800397777
2021-12-13,1.0240647377207113,1.0664164042332545
2021-12-14,1.0240312551030766,1.0634368832491674
2021-12-15,1.0230522673415612,1.0672860632866916
2021-12-16,1.02385572263074,1.0637742999111783
2021-12-17,1.0255227227281467,1.062115823790391
2021-12-20,1.025146041064207,1.0589060785311328
2021-12-21,1.0246271141780536,1.0633730667226342
2021-12-22,1.0244145873465458,1.066208843449591
2021-12-23,1.0260690295501678,1.070006552074876
2021-12-24,1.0264318911184123,1.069870551539069
2021-12-27,1.0267363018402282,1.0739284359509755
2021-12-28,1.0271915449585503,1.0744537369314577
2021-12-29,1.0266396433439724,1.0729066771919376
2021-12-30,1.0261068982646897,1.0717847743693012
2021-12-31,1.0276480356330526,1.072912692474336
2022-01-04,1.0270406131256287,1.072756823792887
2022-01-05,1.027158792897183,1.0647941715491636
2022-01-06,1.0264390025941248,1.0626634374659452
2022-01-07,1.025538475754463,1.0596777345630244
2022-01-10,1.025945306088199,1.0597927442757296
2022-01-11,1.0273944919235805,1.0634404650525051
2022-01-12,1.028025692098209,1.065617249318612
2022-01-13,1.0280606110868518,1.0579722136981788
2022-01-14,1.0282084170894565,1.0590417752828032
2022-01-17,1.0280805561664128,1.0593659423250827
2022-01-18,1.0274654053775405,1.0527112146815962
2022-01-19,1.0278451614471575,1.0502356573588818
2022-01-20,1.0293276908468838,1.0480387233438284
2022-01-21,1.0292238122721622,1.041021797862701
2022-01-24,1.0293324803967807,1.0414467659888218
2022-01-25,1.0292834582322843,1.034286585513728
2022-01-26,1.0292997746600863,1.0342358787263686
2022-01-27,1.026886987539291,1.0282990781832957
2022-01-28,1.0271510447487837,1.036972669750267
2022-02-07,1.028645515494623,1.0414659850165364
2022-02-08,1.0295033883680793,1.0446744425365313
2022-02-09,1.0304183994753386,1.0516412336899514
2022-02-10,1.0305019289001396,1.045713364525573
2022-02-11,1.029119138281789,1.0375547918272334
2022-02-14,1.031223744320151,1.0381125924735608
2022-02-15,1.0330475864835915,1.0455666658491107
2022-02-16,1.0313781171448875,1.0435181707480439
2022-02-17,1.0322885200310739,1.037082545497775
2022-02-18,1.0332453081433894,1.036329820475951
2022-02-21,1.033146453461917,1.0363773899942421
2022-02-22,1.0346186101425823,1.0345389083217609
2022-02-23,1.0329424909973384,1.0274528188806769
2022-02-24,1.0364356395821406,1.0346912643141912
2022-02-25,1.0348630276482749,1.0392647560086254
2022-02-28,1.0340718374355244,1.0380089209372163
2022-03-01,1.0342415738147412,1.0336678036069573
2022-03-02,1.0367956625310082,1.0416684333503388
2022-03-03,1.0354676415360478,1.0355204726851712
2022-03-04,1.035910064907465,1.0335575981738414
2022-03-07,1.0380912986138413,1.0250240109979007
2022-03-08,1.0407737549726246,1.0216318960422062
2022-03-09,1.0427763110427346,1.02967916868906
2022-03-10,1.0383292605774304,1.0248176347370108
2022-03-11,1.0385311482123294,1.0222510906467457
2022-03-14,1.0376907075504795,1.0158262200283328
2022-03-15,1.0357042686643172,1.0168446929423947
2022-03-16,1.0352950022483731,1.027424361878972
2022-03-17,1.0363195326281764,1.031844806248434
2022-03-18,1.0372612730832755,1.0379125761652805
2022-03-21,1.0367999553167095,1.038712558785126
2022-03-22,1.037948977245936,1.043709622034699
2022-03-23,1.0369926823754978,1.0396627178194249
2022-03-24,1.0387811150876933,1.0455589593373378
2022-03-25,1.039523593542529,1.0458025229849728
2022-03-28,1.038759149468629,1.047829881325558
2022-03-29,1.038239089946619,1.0504137313631665
2022-03-30,1.038089811006734,1.0505575453750144
2022-03-31,1.0381422109012934,1.0452802783546395
2022-04-01,1.0387029159137073,1.0474563194904722
2022-04-06,1.0382011576149701,1.0435468128524952
2022-04-07,1.038747703113195,1.0425154314625973
2022-04-08,1.038957121878731,1.0407533560315028
2022-04-11,1.0399449282585715,1.0330292864397568
2022-04-12,1.0406883693851299,1.0352486505527707
2022-04-13,1.0416179136546697,1.0388486406692583
2022-04-14,1.0419815581555862,1.0345974100176492
2022-04-15,1.0425882021434236,1.036008622303141
2022-04-18,1.0434185502204627,1.0366149170601149
2022-04-19,1.043112398351866,1.0403621717505516
2022-04-20,1.041394118792618,1.036457089154606
2022-04-21,1.0425429960896,1.0312074207585222
2022-04-22,1.0431117830133474,1.027253553598481
2022-04-25,1.0430002266943015,1.0259185881515012
2022-04-26,1.0414562158077538,1.0176491044834097
2022-04-27,1.041720193907541,1.0207523051066063
2022-04-28,1.0420123847399971,1.0293959791814724
2022-04-29,1.0433315405685217,1.025428822269376
2022-05-05,1.042662505338411,1.022413454461877
2022-05-06,1.0428660161664456,1.0214312078115988
2022-05-09,1.0429231771035672,1.014777574958224
2022-05-10,1.0428438783085119,1.0186926127975227
2022-05-11,1.0418965605610182,1.0136684286090296
2022-05-12,1.0427527310571232,1.0134306279949636
2022-05-13,1.04232186586851,1.0244437312118364
2022-05-16,1.0414260748126585,1.0209079056539376
2022-05-17,1.0422685034680643,1.0282439107535095
2022-05-18,1.0409234891510435,1.0129362716769028
2022-05-19,1.04095795847212,1.0123609782319218
2022-05-20,1.0414909403524726,1.0140475785714602
2022-05-23,1.0423083195152965,1.01533727133606
2022-05-24,1.0423925845915114,1.0080645023457795
2022-05-25,1.0425573453288894,1.0121350377247202
2022-05-26,1.043782566093453,1.020912576192949
2022-05-27,1.0449837133408588,1.0327591947046957
2022-05-30,1.043791888360191,1.0305609017214719
2022-05-31,1.043323533148363,1.0281648029078418
2022-06-01,1.0422655943197787,1.0253596806867258
2022-06-02,1.0435590749182793,1.0352753499454757
2022-06-06,1.0426464516726344,1.0294238233741295
2022-06-07,1.0424188149925402,1.0316178033347154
2022-06-08,1.0426789846072704,1.0301976994540074
2022-06-09,1.042887791140295,1.023455419267796
2022-06-10,1.0421803470579643,1.0166242529758602
2022-06-13,1.0436070124994223,1.006640019178087
2022-06-14,1.0416003972962626,1.0065934155443181
2022-06-15,1.041227997905887,1.0123349319268675
2022-06-16,1.0410780414714091,1.0005019263115784
2022-06-17,1.042342895921871,1.0033038361630964
2022-06-20,1.0419898604818119,1.0045618431551122
2022-06-21,1.0419248748774859,1.0087474469430604
2022-06-22,1.0422207098439922,1.008734020840922
2022-06-23,1.0425891198440027,1.0134483988982508
2022-06-24,1.0423469659675582,1.0217683964313873
2022-06-27,1.0429214799065263,1.0210546434597296
2022-06-28,1.0417286345489194,1.0151835182996582
2022-06-29,1.0414419320362676,1.013897105554241
2022-06-30,1.0410653524770326,1.012614523381986
2022-07-01,1.0401861052320707,1.0124326925002924
2022-07-04,1.0408952838577954,1.0149529518679148
2022-07-05,1.0409308307450544,1.016568138603852
2022-07-06,1.0386750900277386,1.0153317458011102
2022-07-07,1.0372007722038386,1.0181969911162592
2022-07-08,1.0369506456091089,1.017316893300514
2022-07-11,1.0370220771535306,1.0106645939270342
2022-07-12,1.0374019661926743,1.0088442726439397
2022-07-13,1.036650971246556,1.007193304297565
2022-07-14,1.0367930653121253,1.0073500063339629
2022-07-15,1.0364051379914645,1.0109868055326234
2022-07-18,1.0373001650941118,1.0103128347283652
2022-07-19,1.037237610950157,1.0170619740885105
2022-07-20,1.0376758195991262,1.0205090741324783
2022-07-21,1.037132904891384,1.0230549564765101
2022-07-22,1.0390604393936045,1.0208581029870525
2022-07-25,1.0397109659656811,1.02043987689543
2022-07-26,1.0396949990772544,1.0171111483244362
2022-07-27,1.0401115796246005,1.0270732895978636
2022-07-28,1.0413344055449854,1.0297816207531612
2022-07-29,1.0435019508753338,1.034711750321668
2022-08-01,1.0443105578585192,1.0355777700578024
2022-08-02,1.045265313241798,1.0325854573013256
2022-08-03,1.0453436966621676,1.0388189580113716
2022-08-04,1.0460990392950318,1.0395995912536335
2022-08-05,1.0469964799698053,1.0394231287947138
2022-08-08,1.0463212895018372,1.039599423693952
2022-08-09,1.0464366461023595,1.0373775388146873
2022-08-10,1.0472134083589029,1.0437590847689409
2022-08-11,1.0464404134160497,1.0427768154565207
2022-08-12,1.0472440470974034,1.0489132239006633
2022-08-15,1.0481310834254773,1.0509745896853135
2022-08-16,1.0483218853138654,1.0529073233862278
2022-08-17,1.0476644777467228,1.0512903751175928
2022-08-18,1.0473485638570506,1.050547420602426
2022-08-19,1.046769741394886,1.046381661212207
2022-08-22,1.046187180692263,1.0411803221494285
2022-08-23,1.046918782219649,1.0430985667883055
2022-08-24,1.0474221084571123,1.0415743886660338
2022-08-25,1.047927048220508,1.0479375719806368
2022-08-26,1.0473433125843876,1.0375414438174377
2022-08-29,1.046411188877073,1.035151334947398
2022-08-30,1.0468778890493637,1.032833475420349
2022-08-31,1.0462281219415384,1.0302868401606426
2022-09-01,1.0454540951399036,1.0287059115319226
2022-09-02,1.04547106761212,1.025746457673928
2022-09-05,1.0466869623537207,1.027158735800809
2022-09-06,1.0472876419230126,1.027590134395005
2022-09-07,1.04722904951072,1.0328444552797553
2022-09-08,1.0481210230683558,1.0347082634642455
2022-09-09,1.0485497468818128,1.04069668595962
2022-09-13,1.0477747593614077,1.0292247993391284
2022-09-14,1.0470076431323192,1.0298476816161368
2022-09-15,1.0463833841653825,1.024183153802385
2022-09-16,1.0460417310943873,1.020889558783351
2022-09-19,1.0460517624542875,1.0228033334968178
2022-09-20,1.0464629437087145,1.0211182137351476
2022-09-21,1.0467569527748013,1.016706382866232
2022-09-22,1.0464013210719496,1.0141062782946721
2022-09-23,1.0469271499980637,1.0101154832328274
2022-09-26,1.0460199395863907,1.0080933894293418
2022-09-27,1.046075181225,1.0114851499523418
2022-09-28,1.0462073906634413,1.0166091263887358
2022-09-29,1.0468665596400033,1.010666316664923
2022-09-30,1.0469051462882424,1.005442958521836
2022-10-10,1.0483191183124105,1.0048580095995623
2022-10-11,1.0481096200221653,1.0028893766346139
2022-10-12,1.0483714183755177,1.0043368242826853
2022-10-13,1.0488877334895597,1.0099515665530023
2022-10-14,1.0485135601592492,1.0047417743010885
2022-10-17,1.0486508505775278,1.0126027788938046
2022-10-18,1.048765656395633,1.0149891399514555
2022-10-19,1.04856074103757,1.011839403518808
2022-10-20,1.0479756099479933,1.0094126338813507
2022-10-21,1.048428218131696,1.0155359525662109
2022-10-24,1.0502059356979645,1.0178496333424738
2022-10-25,1.0505397122473006,1.0248310668871132
2022-10-26,1.050379854137218,1.0217318681540506
2022-10-27,1.049966982517697,1.0175181305699645
2022-10-28,1.0503340213784256,1.0229528856161407
2022-10-31,1.0501318273809612,1.0198418363883324
2022-11-01,1.050077592941241,1.0225946857691208
2022-11-02,1.0497929925728515,1.0163656017269378
2022-11-03,1.0494294311036891,1.0125094841593902
2022-11-04,1.0498037511810692,1.0199473002040307
2022-11-07,1.0505823513593928,1.0221519621791797
2022-11-08,1.0507937697113812,1.0229390030652346
2022-11-09,1.0532219408148746,1.0193825303443256
2022-11-10,1.053736556378402,1.0370780637674555
2022-11-11,1.0549735391846116,1.041765238842952
2022-11-14,1.0515941511255622,1.0331159548717972
2022-11-15,1.051774792444032,1.0364472498341686
2022-11-16,1.0514937060843004,1.03289062097813
2022-11-17,1.0513162512572414,1.0334742084891382
2022-11-18,1.0511079201807727,1.0356245008945264
2022-11-21,1.0505968552501816,1.0334571912033286
2022-11-22,1.0509445594250313,1.0390691125260623
2022-11-23,1.0509951149883552,1.0393700976519462
2022-11-24,1.0519589778053677,1.0393304135644554
2022-11-25,1.0520153850045597,1.039680106966117
2022-11-28,1.0521260919780335,1.0364191212668799
2022-11-29,1.051585425974209,1.0394702518446044
2022-11-30,1.0516973337585775,1.0485101800556145
2022-12-01,1.05197534946587,1.0476494237015643
2022-12-02,1.0525850264371002,1.044000084369967
2022-12-05,1.0510216468120765,1.038807626019594
2022-12-06,1.049397500903364,1.030448405763659
2022-12-07,1.0482171636030808,1.0300195166033668
2022-12-08,1.0483268621638613,1.031012490769905
2022-12-09,1.0482825428448566,1.030084231708436
2022-12-12,1.0478389134703932,1.0321624121666213
2022-12-13,1.047608489395725,1.0355167787036972
2022-12-14,1.0487920452931878,1.0340273454572573
2022-12-15,1.0468112858916772,1.0237631511414553
2022-12-16,1.0465409294478545,1.0229939012485423
2022-12-19,1.0472785127940138,1.0188589270275874
2022-12-20,1.0473515066043226,1.0179758654200186
2022-12-21,1.0490168309078836,1.0220933686332958
2022-12-22,1.0488208117519275,1.0172099929750837
2022-12-23,1.0487225759925476,1.0182273549528424
2022-12-26,1.0485362177327493,1.0186510430361986
2022-12-27,1.048502983965613,1.0158991528217363
2022-12-28,1.0488076385338638,1.0132491639941388
2022-12-29,1.0487568567875782,1.0186530847882944
2022-12-30,1.0499749560490355,1.0187621107643305
2022-12-31,1.0500411138459151,1.0187620478409745
2023-01-03,1.0508403936573514,1.0180361100150492
2023-01-04,1.051722908540336,1.0187355919373082
2023-01-05,1.051302916978856,1.0151283891991503
2023-01-06,1.0506939469863044,1.021408583023112
2023-01-09,1.0521139223940783,1.0206366098667963
2023-01-10,1.05236292866005,1.019421372689835
2023-01-11,1.0527418054065372,1.0241181125381857
2023-01-12,1.0527128947388953,1.0249674186068922
2023-01-13,1.052770469024553,1.0256603947863934
2023-01-16,1.053703833081269,1.0270567074045365
2023-01-17,1.054063864396363,1.0277575555163445
2023-01-18,1.0540306209803358,1.0262500638117718
2023-01-19,1.054292568135008,1.025444921206136
2023-01-20,1.0557706371934565,1.0333351104998996
2023-01-30,1.056789899718779,1.0385419255427455
2023-01-31,1.0556893348854564,1.0406946841227571
2023-02-01,1.0571541640761224,1.0465820533318395
2023-02-02,1.059036907927024,1.0528771699649706
2023-02-03,1.0570143835075665,1.047795715620113
2023-02-06,1.0554331444242016,1.0447077613852542
2023-02-07,1.0555493283140953,1.050482214502102
2023-02-08,1.055524716856796,1.0450777648944676
2023-02-09,1.05595398148775,1.0451467727045454
2023-02-10,1.055434749247599,1.0433785366094201
2023-02-13,1.056381277284993,1.049826761473053
2023-02-14,1.056471369899058,1.0505422597477552
2023-02-15,1.0564910516760007,1.0515692260870542
2023-02-16,1.0564504699476218,1.04783416627115
2023-02-17,1.0563581014414671,1.045865860743456
2023-02-20,1.057117637157965,1.048591639317096
2023-02-21,1.056346114218263,1.0417638739882584
2023-02-22,1.0571726045805918,1.0426134022014923
2023-02-23,1.0570676225798354,1.045561913745149
2023-02-24,1.0573355174364991,1.0408222156992089
2023-02-27,1.0574062068733279,1.0448184514999725
2023-02-28,1.05733991795869,1.044565039549286
2023-03-01,1.0579878069160378,1.0439153221595185
2023-03-02,1.0579858393618427,1.0426418938398496
2023-03-03,1.0590114832910331,1.050197766133223
2023-03-06,1.0605941072212781,1.0505996621277827
2023-03-07,1.0604826876044877,1.0461863042141042
2023-03-08,1.0593380591696915,1.0473878169511441
2023-03-09,1.0593103273403859,1.0430571103180937
2023-03-10,1.059982362784027,1.0389275560838929
2023-03-13,1.0614255408615856,1.0408409190064936
2023-03-14,1.063575840935843,1.0447167866032958
2023-03-15,1.0635106515379373,1.0431849058580553
2023-03-16,1.0652841186346091,1.0514601692725438
2023-03-17,1.0659854550624341,1.0500706025450863
2023-03-20,1.0714883589105215,1.0538048318974953
2023-03-21,1.0694439933988429,1.0569522137640754
2023-03-22,1.067126238892435,1.051228951752686
2023-03-23,1.068639508137303,1.0556261347211382
2023-03-24,1.0691390764868651,1.055303516741367
2023-03-27,1.0685173006118045,1.0551759353766186
2023-03-28,1.0680821899401174,1.0535297998426467
2023-03-29,1.0687335830568487,1.0585686369550458
2023-03-30,1.0690124716590514,1.0621985847479383
2023-03-31,1.07049833461717,1.0673561078018248
2023-04-03,1.0691155350768402,1.0678329428115083
2023-04-04,1.070406461812395,1.0676037713148454
2023-04-06,1.0726765205490763,1.0697483961474235
2023-04-07,1.0725748966287492,1.070556256946207
2023-04-10,1.0716286517400884,1.0686066157508047
2023-04-11,1.0722625663777787,1.0688512269770611
2023-04-12,1.0732248859178046,1.0679227716334578
2023-04-13,1.0736995099101962,1.0711405064006758
2023-04-14,1.0742434490565438,1.0711520110236115
2023-04-17,1.0731871052778383,1.0720593723425602
2023-04-18,1.0728041889256374,1.072784132310294
2023-04-19,1.0728485781711072,1.0713778719867073
2023-04-20,1.0731080169709768,1.0709667634134679
2023-04-21,1.0726243350268594,1.067384127057767
2023-04-24,1.0725927445568826,1.066473787017899
2023-04-25,1.0736283497115762,1.062273172954319
2023-04-26,1.07406139754641,1.0648125262347017
2023-04-27,1.0748081775753837,1.071969401784103
2023-04-28,1.073998704492451,1.0745177913423771
2023-05-04,1.077001924534461,1.0703367768414105
2023-05-05,1.0782013241953938,1.0762498312632072
2023-05-08,1.0770293412596712,1.0766017568933086
2023-05-09,1.0773396479370645,1.0748816735032745
2023-05-10,1.0781277324948817,1.077294397912443
2023-05-11,1.078447878477569,1.0765208382896354
2023-05-12,1.0777938318025124,1.0759699600951422
2023-05-15,1.0785571800445626,1.0800054730553048
2023-05-16,1.0782490120059014,1.0774130148871994
2023-05-17,1.0779330871310173,1.0813381148015304
2023-05-18,1.0781041872422465,1.0862224402981786
2023-05-19,1.0777202525827114,1.0871123733107257
2023-05-22,1.0784391045718205,1.0875105681492068
2023-05-23,1.0777245123300325,1.0830199322565188
2023-05-24,1.0785958319024733,1.082075097105161
2023-05-25,1.0785995121153746,1.0858298367423271
2023-05-26,1.0783010462570346,1.0921973062989063
2023-05-29,1.0782281471951518,1.0907310203909422
2023-05-30,1.0781537165511454,1.0929224758194733
2023-05-31,1.0799357608462659,1.09226614647237
2023-06-01,1.0801576811177862,1.096645866986764
2023-06-02,1.0808470268351535,1.1015024458835516
2023-06-05,1.0795587882385458,1.0993994150375919
2023-06-06,1.0805561351247994,1.1003658424885012
2023-06-07,1.0804878471062989,1.0976353610214367
2023-06-08,1.0801669010847235,1.1009441189388811
2023-06-09,1.0813280459170107,1.1022969273120458
2023-06-12,1.0819453769106793,1.1071928010441094
2023-06-13,1.0828861949197073,1.1119824342810223
2023-06-14,1.082209734426659,1.1127174211384203
2023-06-15,1.0810056874001859,1.1160654391315161
2023-06-16,1.0819220537002896,1.1155309453556324
2023-06-19,1.081820113397873,1.1144752269325757
2023-06-20,1.08219218921587,1.1159831836585457
2023-06-21,1.0817376801475247,1.112257807923819
2023-06-26,1.0815898391884655,1.1087991170749696
2023-06-27,1.0818402494050448,1.1141795420308016
2023-06-28,1.081179899341764,1.1137155321496466
2023-06-29,1.0813309459233453,1.1143846113630105
2023-06-30,1.0821816080601103,1.1200636261802561
2023-07-03,1.082741436926889,1.1216012363854533
2023-07-04,1.0829322560550003,1.1213569535269976
2023-07-05,1.083274058535216,1.1201725699442686
2023-07-06,1.0832068911239268,1.1177332685756667
2023-07-07,1.0831220142298124,1.1160439138921239
2023-07-10,1.083672413472893,1.1169134243787493
2023-07-11,1.083582266014379,1.1189804107137984
2023-07-12,1.0840484861344943,1.1210095280488979
2023-07-13,1.0854329446421929,1.1265245661929189
2023-07-14,1.0847284234653995,1.124318448533251
2023-07-17,1.0855426747827945,1.1262887529130288
2023-07-18,1.0864675268217088,1.129711847975628
2023-07-19,1.0883139699741167,1.1318419464383183
2023-07-20,1.0877420629047332,1.126186940293507
2023-07-21,1.0870457638960511,1.1250934681580136
2023-07-24,1.0873384399523576,1.1257071892855979
2023-07-25,1.0861174259575281,1.128547075754654
2023-07-26,1.0869001525244169,1.1280308131488868
2023-07-27,1.0872493038206716,1.1265299373541353
2023-07-28,1.0865735198635513,1.1323870942922747
2023-07-31,1.0865300989676834,1.1331162769102132
2023-08-01,1.0868881858619903,1.1322345691773388
2023-08-02,1.0868309471383057,1.1269000194828618
2023-08-03,1.086320576739643,1.127098591722958
2023-08-04,1.0862069594589738,1.1257422308656986
2023-08-07,1.0867102472382169,1.127674970348301
2023-08-08,1.086735263264417,1.1266432509901436
2023-08-09,1.0867616579799064,1.1236851681105822
2023-08-10,1.0864113192426361,1.1236465027201183
2023-08-11,1.0869493941150075,1.1207650091691306
2023-08-14,1.0875435847913848,1.1235845915986185
2023-08-15,1.0876428202841308,1.1203687678127825
2023-08-16,1.0879701928659846,1.1183209447883171
2023-08-17,1.08781773303138,1.116454894123806
2023-08-18,1.0877180485365445,1.1141406759120873
2023-08-21,1.0887545898901596,1.1166229449936358
2023-08-22,1.0887071414087408,1.1164584136520295
2023-08-23,1.0891624415240928,1.1190393035979351
2023-08-24,1.0893284848751221,1.1142940668837766
2023-08-25,1.0891733884065837,1.1154617689291195
2023-08-28,1.0892019929017869,1.118551576298544
2023-08-29,1.0897262063691149,1.1259011295846928
2023-08-30,1.0904664625940492,1.127615676259608
2023-08-31,1.0912315307438443,1.1277888846742667
2023-09-01,1.09106004038198,1.1281485562596927
2023-09-04,1.0913527295915075,1.1301095743006262
2023-09-05,1.0914910832092384,1.1288394574087743
2023-09-06,1.0906553176927005,1.1265729069223107
2023-09-07,1.0902934129019164,1.1236488642747946
2023-09-08,1.0911134997714664,1.1254873632161795
2023-09-11,1.0912533427611464,1.1291969550254453
2023-09-12,1.091512053135545,1.1259747707835501
2023-09-13,1.0920993775247956,1.125955262302195
2023-09-14,1.093727209002857,1.1295609603725227
2023-09-15,1.092034437315756,1.1227233250840782
2023-09-18,1.0919101955409798,1.1231248523457549
2023-09-19,1.0925098029030438,1.1226585339867692
2023-09-20,1.0925335187653515,1.1186502545035133
2023-09-21,1.0927541059640706,1.1129159669792807
2023-09-22,1.0924835402347588,1.1141609344674366
2023-09-25,1.0937377491240572,1.1158408725858329
2023-09-26,1.0928562717125176,1.1103243791647088
2023-09-27,1.0896279801105089,1.107605811459472
2023-09-28,1.0854106735743483,1.1056905519365385
2023-10-09,1.083512699287749,1.1073771258856984
2023-10-10,1.0872186990534258,1.1120996432785248
2023-10-11,1.0873891820128545,1.114198141789127
2023-10-12,1.0875366651450187,1.113542015786512
2023-10-13,1.088348437558632,1.1109523242068924
2023-10-16,1.090594587761527,1.115087440855182
2023-10-17,1.0911484998224013,1.1152124208516716
2023-10-18,1.0919293753842334,1.1110230157865366
2023-10-19,1.0924094395078399,1.107380945908287
2023-10-20,1.0939645129411786,1.1045053465945578
2023-10-23,1.0934174114001125,1.1027189655440028
2023-10-24,1.0936877594425038,1.1059765759603584
2023-10-25,1.09284949134893,1.100051882794311
2023-10-26,1.0935925910031872,1.0968993065075647
2023-10-27,1.0942780559986713,1.0990618182248904
2023-10-30,1.095026659928138,1.1035491964639765
2023-10-31,1.0952566033347637,1.104832694199065
2023-11-01,1.0951615579355582,1.1088871122158332
2023-11-02,1.095921710321147,1.1140513584647174
2023-11-03,1.0963485072833936,1.1186247274204528
2023-11-06,1.0959058525955871,1.1201723140647084
2023-11-07,1.0951295023755192,1.1209170196929779
2023-11-08,1.094783276773896,1.1206950136404754
2023-11-09,1.0941106854977336,1.117376939907732
2023-11-10,1.0950821741779408,1.1228365560586435
2023-11-13,1.0951099485355449,1.1222870497891317
2023-11-14,1.0959732441397951,1.1295161382973928
2023-11-15,1.0963325775689599,1.1306380110263126
2023-11-16,1.0962813956339115,1.1299642981598963
2023-11-17,1.0966842976381497,1.1304503830825086
2023-11-20,1.0954126767802137,1.1315607702404948
2023-11-21,1.0954011595892323,1.1294620665264694
2023-11-22,1.094952643099335,1.1283730231289704
2023-11-23,1.0945627714744235,1.1284941169957385
2023-11-24,1.0946047469019178,1.1271971684155597
2023-11-27,1.0959206426530974,1.1277304971746238
2023-11-28,1.0964755030465292,1.129205102545706
2023-11-29,1.097224690272627,1.1284169039526692
2023-11-30,1.0973132165615311,1.1286480441632487
2023-12-01,1.0975259468256287,1.1306672320455255
2023-12-04,1.0992345231268386,1.1290141951525927
2023-12-05,1.0973488225611472,1.1264183054139427
2023-12-06,1.0971490171755431,1.1252832695015595
2023-12-07,1.097670023196104,1.1289707742083956
2023-12-08,1.0976220742462077,1.1298840060231903
2023-12-11,1.096494119602323,1.1311468297390037
2023-12-12,1.0961488799779173,1.1328351628065811
2023-12-13,1.0960335006977437,1.1349789009258513
2023-12-14,1.0988438682594313,1.1375793942068277
2023-12-15,1.09882787862516,1.1368385631387234
2023-12-18,1.0990967616911316,1.1377491478488981
2023-12-19,1.0992958398185757,1.1398159407751793
2023-12-20,1.0998704506790358,1.1350933876318157
2023-12-21,1.0998037558991036,1.1392381790682378
2023-12-22,1.1008604339011254,1.1402680915877994
2023-12-25,1.101142753288272,1.1409805769190637
2023-12-26,1.1018980341716662,1.1419036450130016
2023-12-27,1.1028328052156922,1.1438331182809147
2023-12-28,1.103127991495748,1.1460414796887513
2023-12-29,1.102577581476822,1.144206817401409
2023-12-31,1.1027050919879282,1.1442637187081033
2024-01-02,1.1035952202244304,1.1404562848987738
2024-01-03,1.1028651623353367,1.138032388752499
2024-01-04,1.1026482762073007,1.1353271575214101
2024-01-05,1.1027974106773137,1.1350289011557355
2024-01-08,1.1029889535649648,1.138249259872189
2024-01-09,1.1031526420858784,1.1385691198102872
2024-01-10,1.103114678279091,1.14015212184921
2024-01-11,1.1032454980097859,1.1415591180416536
2024-01-12,1.1034277184319994,1.1416357397144932
2024-01-15,1.104811573244515,1.1429633344936465
2024-01-16,1.1046717159848658,1.1427585636718784
2024-01-17,1.1032023021670192,1.137184427053783
2024-01-18,1.1030993246792988,1.1412941614579442
2024-01-19,1.1045909976400992,1.14666565580385
2024-01-22,1.1046762452540013,1.144040451078317
2024-01-23,1.1047230134218662,1.1459420251593382
2024-01-24,1.1047634787645766,1.147807343899991
2024-01-25,1.1043036913590238,1.1507004732517165
2024-01-26,1.1053237508323488,1.150478459411603
2024-01-29,1.105690014954875,1.1521460036603801
2024-01-30,1.106514235650416,1.1492716508656335
2024-01-31,1.1066038073638562,1.1427321850294527
2024-02-01,1.106788127563316,1.1464045450626918
2024-02-02,1.1082526277674265,1.1495361879538126
2024-02-05,1.1074666576926362,1.1476388727070885
2024-02-06,1.1067834067866977,1.1524420558126862
2024-02-07,1.1077144748407037,1.158186950568394
2024-02-08,1.1077787755436144,1.1593437693426487
2024-02-19,1.1079572658921515,1.1590955058771288
2024-02-20,1.10824470898727,1.1575783521983456
2024-02-21,1.1082269667197593,1.1578861479487355
2024-02-22,1.1087690877746792,1.1664100056839568
2024-02-23,1.1085089972231195,1.1660593016755103
2024-02-26,1.109790809489111,1.1656010387243358
2024-02-27,1.110220953167671,1.16788449294147
2024-02-28,1.1100890408280566,1.1650435279028302
2024-02-29,1.1107723720618286,1.1698729446215141
2024-03-01,1.1114289637488506,1.1748950479960436
2024-03-04,1.1131895682201707,1.1755169761128588
2024-03-05,1.1152448375920154,1.1738446780896552
2024-03-06,1.1164625402928885,1.1762977394208358
2024-03-07,1.1182201910745744,1.1808978459998174
2024-03-08,1.1182172929478775,1.1784792603218475
2024-03-11,1.1186313947453903,1.179463569437886
2024-03-12,1.1181151931407967,1.1827779547366375
2024-03-13,1.1178142503460942,1.1802236528159706
2024-03-14,1.1179094571480703,1.1791893112661724
2024-03-15,1.1184029632999324,1.177412163780872
2024-03-18,1.117762784335115,1.179980680797656
2024-03-19,1.1182114812920867,1.1810192960773984
2024-03-20,1.118653562811771,1.1848388639972376
2024-03-21,1.1215957902396,1.1884460331044844
2024-03-22,1.1205222813681914,1.1865989900949696
2024-03-25,1.12040866334031,1.1844069571447475
2024-03-26,1.1207412279220053,1.1838065292267546
2024-03-27,1.121934734704963,1.1851651119108648
2024-03-28,1.12277618008619,1.1866115862041915
2024-03-29,1.1253266900932335,1.1897372798073567
2024-04-01,1.12705086561412,1.1931273630208037
2024-04-02,1.1271214517060497,1.1902258818702771
2024-04-03,1.128339498543877,1.191471007676367
2024-04-08,1.1329826344809084,1.1937037815067717
2024-04-09,1.1335958858398631,1.1953209658950599
2024-04-10,1.1340485336058292,1.1915922062065856
2024-04-11,1.133496482163831,1.1944970413127147
2024-04-12,1.1368544909098983,1.192449979473761
2024-04-15,1.134671587621616,1.1878596076786352
2024-04-16,1.1357431488045033,1.1869072565222405
2024-04-17,1.1363052453410476,1.1868901357411503
2024-04-18,1.1361178359260693,1.1854935786337553
2024-04-19,1.136496252254771,1.1807108707907876
2024-04-22,1.1345880398199153,1.181093643329049
2024-04-23,1.131739697980113,1.181658531105753
2024-04-24,1.132414214964963,1.1837017303088646
2024-04-25,1.1324020995181836,1.1821498945269713
2024-04-26,1.1338129018296241,1.1895296748772297
2024-04-29,1.1326151689530257,1.1911624054426493
2024-04-30,1.1316691790844886,1.1842036744334343
2024-05-06,1.132003010598929,1.1961935241697774
2024-05-07,1.1323867534009209,1.1967909505561136
2024-05-08,1.13227226185256,1.195563753262997
2024-05-09,1.1320481999170926,1.1978746257082835
2024-05-10,1.1355828526606864,1.2017183331353587
2024-05-13,1.134875337359683,1.2011131581119805
2024-05-14,1.1344937115802187,1.202506193807975
2024-05-15,1.136186205200094,1.207575198568165
2024-05-16,1.1373051874647024,1.2080138636340438
2024-05-17,1.1375875475238375,1.2096589109754614
2024-05-20,1.141013799124783,1.214581661271385
2024-05-21,1.139833038276062,1.213741528177949
2024-05-22,1.1398073040142591,1.2132797146128045
2024-05-23,1.1367720531317878,1.2068447775669744
2024-05-24,1.1355428444771236,1.2069847948810035
2024-05-27,1.135705929401941,1.2081504980723847
2024-05-28,1.1361234157383477,1.2081813365196927
2024-05-29,1.1368939732862724,1.2068460397753742
2024-05-30,1.135687460715916,1.2027931884490297
2024-05-31,1.1362411289032082,1.2042619363673854
2024-06-03,1.1352571128875124,1.2042444061029651
2024-06-04,1.1364539714111686,1.2072688208918443
2024-06-05,1.1359718344026595,1.2109953548633734
2024-06-06,1.1384442023597485,1.2130940937032777
2024-06-07,1.1386353493204626,1.2120319179421735
2024-06-11,1.134778750856232,1.2101835878058178
2024-06-12,1.135527657260428,1.2147070823467299
2024-06-13,1.1357508662364135,1.2155709674086679
2024-06-14,1.1358846104301161,1.2169541150054959
2024-06-17,1.13642794927585,1.220076504066299
2024-06-18,1.1365263531603804,1.2211317305441347
2024-06-19,1.1372313872013622,1.221215997781366
2024-06-20,1.138322870479359,1.2197889363920993
2024-06-21,1.138798750062082,1.2194984504356614
2024-06-24,1.1371007723656092,1.2145256139613654
2024-06-25,1.1373407767657602,1.2163725297162675
2024-06-26,1.1365103133007255,1.2171775779471028
2024-06-27,1.136115130667723,1.2161001104612106
2024-06-28,1.1377027707278724,1.2163814965883606
2024-06-30,1.1377741579893428,1.2164391925066267
2024-07-01,1.1374655392987645,1.218221527032853
2024-07-02,1.1378225176268806,1.2206841925574428
2024-07-03,1.139265158224922,1.2240411704351721
2024-07-04,1.1399349033511932,1.2237257219430437
2024-07-05,1.1404938175901227,1.2268256374691575
2024-07-08,1.1408020562457526,1.2264887419847872
2024-07-09,1.1400811266755877,1.2276955784907075
2024-07-10,1.1415503180491902,1.2322625388124873
2024-07-11,1.14152550330872,1.2295191557114196
2024-07-12,1.1420586471358825,1.2317687376074886
2024-07-15,1.142327199616392,1.2326875461313056
2024-07-16,1.1442001760718805,1.2365999037589233
2024-07-17,1.1455040258081168,1.2310451822584678
2024-07-18,1.1454887603793278,1.2294544722961027
2024-07-19,1.1413911880510323,1.2233096963845715
2024-07-22,1.1421696436763584,1.2274422384798926
2024-07-23,1.1413217681345913,1.2229701708835319
2024-07-24,1.142493349696127,1.2142374744230904
2024-07-25,1.138787158325217,1.2073858096382595
2024-07-26,1.139871663020724,1.2123248274268292
2024-07-29,1.140839394560603,1.213406440438745
2024-07-30,1.1406791526082067,1.2101618600081365
2024-07-31,1.14246229293554,1.2218924970950666
2024-08-01,1.143601830084429,1.2166753679080549
2024-08-02,1.1439802792764375,1.2102431633058728
2024-08-05,1.1410166111972424,1.1961870842314597
2024-08-06,1.1394447517670814,1.1978323720406268
2024-08-07,1.1394120936157794,1.1953506953863586
2024-08-08,1.1399641176804998,1.2044091909503654
2024-08-09,1.141455697546332,1.207007972967319
2024-08-12,1.1419596718992253,1.2079814438028555
2024-08-13,1.143501891897777,1.2163578269880477
2024-08-14,1.1433926352600952,1.2155103063713175
2024-08-15,1.1434430514695308,1.2224507168589047
2024-08-16,1.1436062115557093,1.223529233501037
2024-08-19,1.145496028370804,1.2289825102585554
2024-08-20,1.1455829522968017,1.2269124978064445
2024-08-21,1.1460552321022144,1.2285693168324396
2024-08-22,1.1453881536091224,1.2228331430400161
2024-08-23,1.145256159965206,1.2276156595901797
2024-08-26,1.1458558334843354,1.2250122173868054
2024-08-27,1.1455374331689354,1.2254070559981767
2024-08-28,1.145257780447531,1.2219020115155428
2024-08-29,1.1457202544621918,1.2226735870145955
2024-08-30,1.1456354608362858,1.2265600366228104
2024-09-02,1.1450955228272446,1.2233628566181665
2024-09-03,1.1449101711101157,1.2163562630993219
2024-09-04,1.143885439644519,1.21465831153822
2024-09-05,1.145036801749721,1.2148768367924196
2024-09-06,1.1449648450967016,1.206914277705364
2024-09-09,1.1445711220531536,1.209428579896904
2024-09-10,1.1453737160167217,1.213335465559227
2024-09-11,1.1465502808108332,1.2193709792279388
2024-09-12,1.1465774585893111,1.2216499033048538
2024-09-13,1.1485461270187949,1.223591865358973
2024-09-18,1.148489805601455,1.2214023882845633
2024-09-19,1.1491147766702798,1.2302770526896054
2024-09-20,1.1503419473948204,1.2288623671088101
2024-09-23,1.1514116317299075,1.2303785849805455
2024-09-24,1.1514972206057765,1.23641713213397
2024-09-25,1.1525526426123645,1.2368374543663367
2024-09-26,1.1530640782637211,1.2446866885072738
2024-09-27,1.1525992873657502,1.2474892659807664
2024-09-30,1.1516309036326322,1.2577299341699146
2024-10-08,1.1513354752127252,1.2672718622493142
2024-10-09,1.14977109324785,1.2595089659008234
2024-10-10,1.1504799224229374,1.2614333103445723
2024-10-11,1.1523946371909906,1.2607635210217636
2024-10-14,1.1538038040220597,1.2668012628947751
2024-10-15,1.1544071157440083,1.2617974882105385
2024-10-16,1.1562035754763444,1.2659164992578689
2024-10-17,1.1570067463455258,1.265611905807834
2024-10-18,1.1581967820734622,1.273179847122275
2024-10-21,1.159966443171122,1.2736240916009414
2024-10-22,1.160267758925152,1.2761169455236825
2024-10-23,1.1608004299590782,1.2733112139681042
2024-10-24,1.1596055697592424,1.2726728513874126
2024-10-25,1.1593542640153776,1.2731308945591213
2024-10-28,1.1602156836904332,1.2761111910376048
2024-10-29,1.1615788639392959,1.2779356990681774
2024-10-30,1.1632043992994627,1.277704822133058
2024-10-31,1.1622398556552906,1.2693503400444763
2024-11-01,1.161025539031455,1.2685522273810486
2024-11-04,1.160114779574073,1.2687160694221162
2024-11-05,1.160412141804803,1.2750844931425378
2024-11-06,1.1610433364063866,1.2835191641634478
2024-11-07,1.158111569718924,1.2914136197128088
2024-11-08,1.158779720896801,1.2905586039523242
2024-11-11,1.1590717429683326,1.2940875683956778
2024-11-12,1.156620576839468,1.2901163121820658
2024-11-13,1.1567333444401455,1.2908460363959982
2024-11-14,1.1537621580723556,1.2831918887081653
2024-11-15,1.1536270533241215,1.2748685703796232
2024-11-18,1.1553692563598257,1.2771725723460503
2024-11-19,1.1576908905636334,1.2824516170707059
2024-11-20,1.1578088140481186,1.2830370862786626
2024-11-21,1.1600409096375681,1.28664480175567
2024-11-22,1.1619940345399402,1.2854114008448623
2024-11-25,1.160483531719941,1.284187431270585
2024-11-26,1.1582843150477142,1.2832215967769696
2024-11-27,1.1598993319262265,1.285780074773635
2024-11-28,1.159638849335416,1.28383667420896
2024-11-29,1.1607724446480987,1.2887717726931258
2024-12-02,1.1610643542493118,1.2920382448570424
2024-12-03,1.1619981561821318,1.2943608939197337
2024-12-04,1.1622763070656252,1.2963450114293475
2024-12-05,1.1622673461847788,1.295122898722753
2024-12-06,1.1618808935504243,1.2981241812596587
2024-12-09,1.162654649147276,1.2963870413159482
2024-12-10,1.1640307874496902,1.2972550820260018
2024-12-11,1.1656042221048573,1.3029045861791835
2024-12-12,1.1665346729819672,1.3029368431251198
2024-12-13,1.1656754806205891,1.299950653447274
2024-12-16,1.1655632405997864,1.3013168099372703
2024-12-17,1.165303901101835,1.2997669277671513
2024-12-18,1.1640091174558649,1.2883340052997114
2024-12-19,1.163473357618613,1.2870747830920861
2024-12-20,1.1634880482716088,1.2896128965066411
2024-12-23,1.1654200470348226,1.2934032154945405
2024-12-24,1.1648355529133838,1.2985015987680306
2024-12-25,1.1648312495606554,1.298196258234753
2024-12-26,1.165130098578704,1.298811438650609
2024-12-27,1.1653451469539593,1.2947655672568759
2024-12-30,1.1647836928074717,1.2910366349579683
2024-12-31,1.164545077018528,1.2861971886222143
2025-01-02,1.1664954536582952,1.2836681970685646
2025-01-03,1.1681056781599581,1.2881038199416808
2025-01-06,1.1677307840419395,1.290151857755434
2025-01-07,1.1675674398168963,1.2862820098383068
2025-01-08,1.1683224381164998,1.2872252447431953
2025-01-09,1.168631186421567,1.2874104041458367
2025-01-10,1.1692043318920746,1.2808521749548245
2025-01-13,1.1697079878619707,1.2809547821843519
2025-01-14,1.1686466725240126,1.2832873104386284
2025-01-15,1.169506817074137,1.2906352137683712
2025-01-16,1.1697120361458921,1.2900361723712035
2025-01-17,1.1700596974719144,1.295185779930449
2025-01-20,1.169904932295717,1.2955653240520113
2025-01-21,1.170438826775136,1.2974390103763085
2025-01-22,1.171757645243648,1.3006974158599955
2025-01-23,1.1716940517804724,1.30219863946064
2025-01-24,1.171891212348817,1.302171298201582
2025-01-27,1.17143213225897,1.293891517771964
2025-02-05,1.1777711926610064,1.3052409704083883
2025-02-06,1.1779863410728708,1.3085376341019614
2025-02-07,1.1782765054202602,1.3064983394990424
2025-02-10,1.1807456425865301,1.3128711812023761
2025-02-11,1.1815396810664789,1.3127343470707176
2025-02-12,1.180818017331774,1.312639741607565
2025-02-13,1.1818061611790107,1.317554534143754
2025-02-14,1.1822994208834858,1.3199615566008285
2025-02-17,1.1798577097412544,1.3176877472976594
2025-02-18,1.1810517122961917,1.3182944807837682
2025-02-19,1.182032759755277,1.3212593736637266
2025-02-20,1.1821738497756145,1.320046921934352
2025-02-21,1.1803065094043343,1.313909681791595
2025-02-24,1.1802352069792017,1.3113766763990276
2025-02-25,1.1798951465156409,1.3072995897301647
2025-02-26,1.1787735938982327,1.307646629900577
2025-02-27,1.1774876969358508,1.2994457128836951
2025-02-28,1.1765468730674447,1.3012621664244512
2025-03-03,1.1767713818496945,1.2951490845911118
2025-03-04,1.1786419381573583,1.2945994341789075
2025-03-05,1.179323322614497,1.299404444058556
2025-03-06,1.178356348741664,1.2927889244654076
2025-03-07,1.178008688406524,1.2943218106933625
2025-03-10,1.1779880473077737,1.2840107899504105
2025-03-11,1.1765059323396585,1.281266893749564
2025-03-12,1.177643715302968,1.2840515734639306
2025-03-13,1.1786334290241638,1.2792670009537868
2025-03-14,1.1812624022029876,1.2918399842271955
2025-03-17,1.181729707806576,1.293894767538272
2025-03-18,1.1828269986140323,1.2911933778213198
2025-03-19,1.184635062851238,1.2966390205909348
2025-03-20,1.1853054341641822,1.2957941260634234
2025-03-21,1.184881154582299,1.2943639078170621
2025-03-24,1.1852632673540653,1.3011996355391784
2025-03-25,1.1852040107177788,1.3021373695028
2025-03-26,1.1857219151735563,1.2972563601526705
2025-03-27,1.1860066163683207,1.2964314876694278
2025-03-28,1.1882046105565915,1.2909308768215986
2025-03-31,1.1903757940848572,1.2932513055396442
2025-04-01,1.1915704951578805,1.2967221735402639
2025-04-02,1.191265402954067,1.2985499863181889
2025-04-03,1.192283238781272,1.2829038600533011
2025-04-07,1.187069404608714,1.2487815240283195
2025-04-08,1.1871196118814877,1.2453279941133488
2025-04-09,1.1914054573566573,1.2838569236109192
2025-04-10,1.1934049147728307,1.2757117752367246
2025-04-11,1.197082674110036,1.2852248943362738
2025-04-14,1.1983001192976195,1.2897622703508345
2025-04-15,1.1984376578135323,1.2899347837737956
2025-04-16,1.2017935172023064,1.2852185877672415
2025-04-17,1.2026844664749643,1.2860963449653458
2025-04-18,1.2032011067505122,1.2865776383538285
2025-04-21,1.2058307332205862,1.2821623524376762
2025-04-22,1.2104576634549213,1.2949984848779275
2025-04-23,1.2035266968558247,1.2947860307388048
2025-04-24,1.2050342539438113,1.3040132943051657
2025-04-25,1.2038959468743147,1.3061517350050376
2025-04-28,1.2025939503794936,1.3046553561164824
2025-04-29,1.2032168533233871,1.307050845744292
2025-04-30,1.2033847813198497,1.3076577627152952
2025-05-06,1.206045408850598,1.3142087171705146
2025-05-07,1.2074092304530422,1.317595377010794
2025-05-08,1.2055941980759535,1.318892729227512
2025-05-09,1.2055538320135295,1.3183083066981591
2025-05-12,1.201109191071152,1.3267686141907142
2025-05-13,1.2024119642365179,1.3314629342430297
2025-05-14,1.201427312773875,1.332421893989142
2025-05-15,1.1969483367450338,1.3276346957550638
2025-05-16,1.1991649716732309,1.3314530861760432
2025-05-19,1.2008835516723952,1.3331316708165208
2025-05-20,1.200702111323936,1.3325234310975715
2025-05-21,1.2046369238335524,1.3318878588679839
2025-05-22,1.2056474094974017,1.3325607931289172
2025-05-23,1.2050936572016062,1.3284864276970645
2025-05-26,1.204666576557809,1.3270911795255298
2025-05-27,1.2039673164000149,1.333640322427066
2025-05-28,1.204046168316667,1.331910748249586
2025-05-29,1.2026783065990139,1.3328947302394327
2025-05-30,1.2039626052494168,1.3330648579558046
2025-06-03,1.2062491093585912,1.340064759742677
2025-06-04,1.2065350443040648,1.3418835603954185
2025-06-05,1.2067603855584552,1.3399748292966005
2025-06-06,1.2068492007248601,1.3427896872259937
2025-06-09,1.2054999120309384,1.3425584959879913
2025-06-10,1.2056852186739269,1.3439596243050396
2025-06-11,1.2061619357271411,1.3443121409637102
2025-06-12,1.207375874400068,1.346892342366781
2025-06-13,1.2094555799705604,1.343687410389986
2025-06-16,1.2090088471395286,1.3476580038705845
2025-06-17,1.2079837168537897,1.3430820584263563
2025-06-18,1.2077947178765263,1.34304284512241
2025-06-19,1.2069890493793374,1.3408369999751486
2025-06-20,1.2069959037609626,1.3397425532009106
2025-06-23,1.207332411433424,1.3441317121845813
2025-06-24,1.2056869362581752,1.3482037945337937
2025-06-25,1.2061868269637661,1.3512241063199828
2025-06-26,1.2067683865129273,1.354303755576673
2025-06-27,1.2048982252881963,1.353455226685666
2025-06-30,1.2052777186273493,1.3564055954103709
2025-07-01,1.2070287527663277,1.3563193711402204
2025-07-02,1.2069748297812646,1.3579487720665584
2025-07-03,1.2083493888766657,1.3628165424073446
2025-07-04,1.2076955313767466,1.3623690043364713
2025-07-07,1.2068612323974648,1.357977236696087
2025-07-08,1.2075823671482915,1.3601382844587848
2025-07-09,1.2060218664742604,1.3607475744997664
2025-07-10,1.2071680664342364,1.362777938952
2025-07-11,1.207124074485883,1.3619244011659848
2025-07-14,1.2086708125677605,1.3645209724281806
2025-07-15,1.2086138952816272,1.3637509721338292
2025-07-16,1.2079865652144222,1.3638879847253598
2025-07-17,1.2078646468487935,1.366511405001414
2025-07-18,1.2084515586661315,1.3681400059937556
2025-07-21,1.2092451158863822,1.3714274488686071
2025-07-22,1.2097056521911616,1.3720352759878636
2025-07-23,1.211205862427967,1.3753209201330712
2025-07-24,1.2082986064432026,1.3739381126387094
2025-07-25,1.2080547095402523,1.3746709758131106
2025-07-28,1.2078936811984997,1.3756095542312539
2025-07-29,1.2068768517129507,1.374839250637681
2025-07-30,1.2074178655531933,1.3745165100899213
2025-07-31,1.2071952800288157,1.3706405631276386
2025-08-01,1.20700004058052,1.3643381780938852
2025-08-04,1.209154425040503,1.3723444769860804
2025-08-05,1.2098724868721389,1.3717163469574976
2025-08-06,1.2100162304712738,1.3760839894588561
2025-08-07,1.2107672640377583,1.376640353043793
2025-08-08,1.2112246695720918,1.3800120430342524
2025-08-11,1.2095498590178948,1.3782948281771437
2025-08-12,1.2093054562463041,1.383140158974657
2025-08-13,1.2095985047235156,1.3851376593510019
2025-08-14,1.209622720955141,1.384402620818628
2025-08-15,1.2091351434973303,1.3842539746481406
2025-08-18,1.2089414700897039,1.3853125520768461
2025-08-19,1.2083963578733616,1.3812758281023665
2025-08-20,1.2077579528219151,1.380808704596678
2025-08-21,1.2080957293569548,1.3791018148852416
2025-08-22,1.2083883672523634,1.387811757138247
2025-08-25,1.209290424400653,1.3888971862232498
2025-08-26,1.209803477487709,1.3908156836700225
2025-08-27,1.2100821084353202,1.3894609051483566
2025-08-28,1.2104081997460605,1.39354393291568
2025-08-29,1.21058233115164,1.3912216541603142
2025-09-01,1.2132805182905722,1.395235077059448
2025-09-02,1.2142019322446038,1.3921275087656813
2025-09-03,1.2162215207748743,1.3956282440525498
2025-09-04,1.2165336853783113,1.3958689914443956
2025-09-05,1.2169452919783939,1.399598359903116
2025-09-08,1.2187502770719538,1.403299716253044
2025-09-09,1.2207355248586291,1.4052902275255494
2025-09-10,1.2200943611996582,1.4060391840424113
2025-09-11,1.2195319109267289,1.4111166819873966
2025-09-12,1.2204050483080742,1.4121461426716664
2025-09-15,1.2203272838943493,1.4148109166537441
2025-09-16,1.2223600087198936,1.41660252639252
2025-09-17,1.2211177917727634,1.4153773942983023
2025-09-18,1.219872174395167,1.4156390316733132
2025-09-19,1.220338981337213,1.418475228720174
2025-09-22,1.2229107249331599,1.423594470497488
2025-09-23,1.224689322751718,1.4227668409058318
2025-09-24,1.2254421073443191,1.4245469978152103
2025-09-25,1.2243045990556303,1.422572728419582
2025-09-26,1.2246873154045559,1.4236337757637125
2025-09-29,1.2266900618097238,1.4286964055602482
2025-09-30,1.2286210124657482,1.432427346890851
2025-10-09,1.2363480449836854,1.4474459449347041
2025-10-10,1.2334361423556055,1.4301452399207197
2025-10-13,1.2392068176302495,1.4420228240008797
2025-10-14,1.2415710818658727,1.4411523571199492
2025-10-15,1.2447754947695011,1.448383667052432
2025-10-16,1.2464267288692554,1.4481934084014705
2025-10-17,1.2515746460002863,1.4522346974213407
2025-10-20,1.248059784058335,1.453711241111098
2025-10-21,1.2502885340960914,1.457859855011027
2025-10-22,1.2440507443764333,1.4477512932977445
2025-10-23,1.242919115190909,1.4491180338330962
2025-10-24,1.2421492416252466,1.4534803072835023
2025-10-27,1.241745215399023,1.459946386680626
2025-10-28,1.236295846196327,1.4546795624914455
2025-10-29,1.2393629822451653,1.460303014464899
2025-10-30,1.2382753618649278,1.4531200512828135
2025-10-31,1.2412329377213451,1.4558954845310823
2025-11-03,1.2411732504807056,1.457040200735638
2025-11-04,1.2402327572018037,1.4488270597212827
2025-11-05,1.2392996629908828,1.449940797805955
2025-11-06,1.2402346831898114,1.4473846025880834
2025-11-07,1.24006994671815,1.4463869073574274
2025-11-10,1.2434744472843646,1.4574322346914566
2025-11-11,1.2455496269838893,1.458542751896159
2025-11-12,1.2453424746415724,1.4576875239119302
2025-11-13,1.2474217275607924,1.4550019182422398
2025-11-14,1.2455898506629999,1.4505081251329899
2025-11-17,1.2427800412799828,1.4435154554543639
2025-11-18,1.24019772552514,1.436285739857753
2025-11-19,1.2434825041111444,1.4419107109770568
2025-11-20,1.2421918820759568,1.4329321693759116
2025-11-21,1.2413836317625293,1.4315865560642536
2025-11-24,1.2421532959297872,1.4399817447295928
2025-11-25,1.2449199401424829,1.4471319519740762
2025-11-26,1.2448856876335552,1.4505390151120356
2025-11-27,1.2453709045200945,1.4508937984224874
2025-11-28,1.2462832020200552,1.4549550596340133
2025-12-01,1.2480225088667012,1.456319478121378
2025-12-02,1.2475920973482286,1.457301413752475
2025-12-03,1.246826162750792,1.4565243844087068
2025-12-04,1.2466269429968093,1.4566186929345686
2025-12-05,1.2479195984491454,1.4606542383475167
2025-12-08,1.2475493383170075,1.4602956357953336
2025-12-09,1.2464236653821894,1.4583446334580246
2025-12-10,1.2471383507862173,1.4611816069732706
2025-12-11,1.2473881457779727,1.45961301520896
2025-12-12,1.2490511911315154,1.456702463206764
2025-12-15,1.251118275023803,1.4570147971035035
2025-12-16,1.2492090455323683,1.4528347415652385
2025-12-17,1.2502465819795112,1.450704720021607
2025-12-18,1.2509779574803397,1.4550966491250075
2025-12-19,1.2512571588156112,1.4597939928947845
2025-12-22,1.2542396654770445,1.4665960426239144
2025-12-23,1.2566827587302665,1.4709053871313185
2025-12-24,1.2569214226426355,1.4727498139104196
2025-12-25,1.256156894696653,1.4718873406386863
2025-12-26,1.2568625107661129,1.4729012515327018
2025-12-29,1.256302306594688,1.4701343419761286
2025-12-30,1.2527991945345098,1.4660616551059673
2025-12-31,1.2515758852708758,1.4608204002633565
2026-01-05,1.2549151847466753,1.4694414792928827
2026-01-06,1.2565325352241534,1.476071714364588
2026-01-07,1.2560907478664258,1.4752475730848655
2026-01-08,1.255448149603937,1.4727701000191087
2026-01-09,1.2567844482837394,1.478014834037155
2026-01-12,1.2601046521778174,1.4835396450446419
2026-01-13,1.2603559968488884,1.4819980105847208
2026-01-14,1.2622282670729914,1.4813158816174237
2026-01-15,1.261701265322,1.4814764023745555
2026-01-16,1.2615131613530532,1.4806018318138467
2026-01-19,1.2636213415976982,1.483039877464572
2026-01-20,1.2649051128118507,1.4754544253739683
2026-01-21,1.2700230649216597,1.4864662764872913
2026-01-22,1.2696212576330559,1.488802346651074
2026-01-23,1.2736551288806717,1.4938647314006688
2026-01-26,1.2787938370650704,1.5004340239388425
2026-01-27,1.2789166634294395,1.503307295599792
2026-01-28,1.2847960265055758,1.5101068798647266
2026-01-29,1.2928491901796975,1.5182119886693057
2026-01-30,1.2820987607147811,1.500782645279738
2026-02-02,1.2634199981451255,1.4790165779959277
2026-02-03,1.2737662845039013,1.4877320356827621
2026-02-04,1.2798183544691764,1.490508340357962
2026-02-05,1.2746070799428235,1.4791171833571704
2026-02-06,1.2733260441746854,1.4849614663244868
2026-02-09,1.2768228562809143,1.4931309196054376
2026-02-10,1.2768941326618308,1.491323750885156
2026-02-11,1.2778705949687499,1.4925403331071574
2026-02-12,1.2775301139662756,1.4862698361006998
2026-02-13,1.2755745281645217,1.4824372852948717
2026-02-24,1.2817541111078419,1.4939921986122744
2026-02-25,1.2816908245944576,1.498636443325755
2026-02-26,1.2813209004935642,1.4944080005542193
2026-02-27,1.2811250050625693,1.4930146064671113
2026-03-02,1.2893121574798683,1.5023205112211646
2026-03-03,1.2867779496823781,1.491096321060974
2026-03-04,1.283101117725484,1.4902151269644948
2026-03-05,1.282592211545381,1.4881290305235322
2026-03-06,1.280883363161517,1.4816259433471293
2026-03-09,1.281357434695635,1.485691567499138
2026-03-10,1.2820236493475914,1.4866063423032163
2026-03-11,1.2828994749957245,1.4872075243411693
2026-03-12,1.28205252436131,1.4794767572792353
2026-03-13,1.2798394562543483,1.4741191692673505
2026-03-16,1.2777269809000427,1.4761850918493151
2026-03-17,1.277996451583377,1.4757412045985097
2026-03-18,1.2772194274029653,1.4698086715404877
2026-03-19,1.269785284945672,1.4583012303172898
2026-03-20,1.266545258889153,1.4467440244536207
2026-03-23,1.2486852275627618,1.4282835656092316
2026-03-24,1.2580030585761786,1.437321027614124
2026-03-25,1.2640741070090473,1.448276927317127
2026-03-26,1.2598846175116882,1.4350159733329
2026-03-27,1.259994940726385,1.4301807034516933
2026-03-30,1.2624254958484453,1.431473055942335
2026-03-31,1.264696985454078,1.4436881175715222
2026-04-01,1.2694722564896255,1.453410973036988
2026-04-02,1.2663757684393477,1.4476189390119356
2026-04-03,1.2675511674545514,1.447875659397836
2026-04-07,1.2667680279572333,1.4488380522521158
2026-04-08,1.2722570914978846,1.4689777678913989
2026-04-09,1.2687139108481083,1.4665678720277306
2026-04-10,1.27057129438262,1.4704266686093848
2026-04-13,1.2700578323550875,1.4740147403719672
2026-04-14,1.2713055068300756,1.4824726907728605
2026-04-15,1.2726191175458874,1.4874089596026632
2026-04-16,1.2732767978991963,1.4914793250752818
2026-04-17,1.2726855616833666,1.4959562883210995
2026-04-20,1.2728605281079244,1.4962934588359724
2026-04-21,1.2723124614095433,1.4932258606520288
2026-04-22,1.2724715574824121,1.500096424184519
2026-04-23,1.2705917509928597,1.4955106130042388
2026-04-24,1.2703275638723912,1.5000330230603829
2026-04-27,1.2709298787455718,1.5003965472838814
2026-04-28,1.2682517180668105,1.4937818469328226
2026-04-29,1.2667046342472705,1.4946684665282803
2026-04-30,1.2674770857996631,1.4995772460567194
2026-05-06,1.270372139648392,1.5170772675797257
2026-05-07,1.272307858488511,1.5185324327575753
2026-05-08,1.2716460050859735,1.5235324059772724
2026-05-11,1.2707802067579712,1.5253813395565519
2026-05-12,1.2711254281759639,1.522849382377209
2026-05-13,1.2715486783246164,1.528222524105866
2026-05-14,1.2715351876229881,1.5280809807097702
2026-05-15,1.2677033646556173,1.5162049452689912
2026-05-18,1.2666792846246684,1.5136439755002684
2026-05-19,1.2663035597935963,1.510812026011068
2026-05-20,1.264547270183959,1.5147208544023179
2026-05-21,1.2656401782564464,1.5137715198186543
2026-05-22,1.265840204568312,1.5177445198609754
2026-05-25,1.2666896944537605,1.5204599142960544
2026-05-26,1.2662403410047198,1.524907169232782
2026-05-27,1.2646967400795055,1.521805217747697
2026-05-28,1.261494524710514,1.5208376168395858
2026-05-29,1.2654323858237397,1.5245885525574494
2026-06-01,1.2648903876970277,1.52396965313442
2026-06-02,1.2661121564410185,1.5284886684063652
2026-06-03,1.2637389861225337,1.5242308896945438
2026-06-04,1.2639456488917329,1.5238814901284172
2026-06-05,1.2631187387813532,1.5057152562435265
2026-06-08,1.2578613143505442,1.4999277299479359
2026-06-09,1.2583426890597762,1.5005959361153494
2026-06-10,1.2530155841253496,1.4861257790550304
2026-06-11,1.2500834677935628,1.4919991126370702
2026-06-12,1.2522407331911185,1.4979324357021
2026-06-15,1.258110654709755,1.5172870040378672
2026-06-16,1.258316056215879,1.5134664595122347
2026-06-17,1.2579986772245355,1.509906978697948
2026-06-18,1.2578709894969868,1.5172983718892818
2026-06-22,1.2542374070955689,1.5164814978871657
